id,first_name,last_name,email,gender,ip_address
1,Nedda,Fulford,nfulford0@newsvine.com,Female,198.192.225.20
2,Calv,Pauleit,cpauleit1@newyorker.com,Male,59.170.105.61
3,Quint,Laba,qlaba2@toplist.cz,Male,110.250.128.60
4,Lauralee,Northcote,lnorthcote3@sohu.com,Female,191.126.9.136
5,Kiri,Bourges,kbourges4@xing.com,Female,10.89.162.213
6,Burtie,Wescott,bwescott5@dell.com,Male,136.18.32.78
7,Yetty,Daintrey,ydaintrey6@webeden.co.uk,Female,132.229.146.29
8,Elene,Sydall,esydall7@rambler.ru,Female,119.232.235.26
9,Marlyn,Dillinton,mdillinton8@hao123.com,Female,120.80.53.24
10,Marcy,Britnell,mbritnell9@dion.ne.jp,Female,238.218.136.13
11,Eziechiele,Dietz,edietza@123-reg.co.uk,Male,44.63.138.238
12,Dolly,Berggren,dberggrenb@reverbnation.com,Female,12.30.149.172
13,Lemmie,Canelas,lcanelasc@flickr.com,Male,235.248.28.178
14,Regina,Scoullar,rscoullard@csmonitor.com,Female,89.67.7.105
15,Barnett,Lankford,blankforde@state.tx.us,Male,154.208.203.126
16,Dyan,Niesegen,dniesegenf@issuu.com,Female,187.177.45.13
17,Garrot,MacNelly,gmacnellyg@ask.com,Male,176.253.252.239
18,Dinny,Matanin,dmataninh@bloglovin.com,Female,144.1.185.80
19,Hilary,Brommage,hbrommagei@alexa.com,Male,102.152.168.227
20,Shandie,Limpertz,slimpertzj@unblog.fr,Female,159.178.230.213
21,Cecelia,Timbs,ctimbsk@yellowbook.com,Female,219.146.24.226
22,Lorne,Tubby,ltubbyl@google.ru,Female,238.146.135.83
23,Trey,Bottom,tbottomm@yellowpages.com,Male,75.167.241.176
24,Lorie,Antonias,lantoniasn@apple.com,Female,11.12.191.255
25,Clyve,Hammer,chammero@google.nl,Male,22.177.209.77
26,Krystle,Simonnet,ksimonnetp@home.pl,Female,247.109.202.33
27,Dela,Blowfelde,dblowfeldeq@themeforest.net,Female,114.73.143.174
28,Dell,Hammonds,dhammondsr@angelfire.com,Male,167.77.133.164
29,Antonetta,Stubbings,astubbingss@twitpic.com,Female,174.37.68.100
30,Carver,Gregs,cgregst@un.org,Male,246.174.8.30
31,Jayme,Whyteman,jwhytemanu@mysql.com,Male,219.122.29.190
32,Libbi,Brainsby,lbrainsbyv@mysql.com,Female,200.116.13.201
33,Giuseppe,Marunchak,gmarunchakw@princeton.edu,Male,222.186.11.188
34,Merwyn,Hector,mhectorx@boston.com,Male,75.0.8.15
35,Fancy,Menat,fmenaty@imdb.com,Female,11.94.173.27
36,Thornton,Leale,tlealez@umich.edu,Male,10.133.190.128
37,Axe,Rubberts,arubberts10@csmonitor.com,Male,19.62.130.124
38,Tessie,Yankishin,tyankishin11@nature.com,Genderfluid,144.190.249.152
39,Aurore,Blacklawe,ablacklawe12@shop-pro.jp,Agender,104.42.117.90
40,Alonzo,Ayto,aayto13@ustream.tv,Male,117.185.1.7
41,Elliot,Druery,edruery14@twitter.com,Male,45.227.169.89
42,Casper,Dimitrescu,cdimitrescu15@sohu.com,Male,242.228.49.222
43,Lorain,Potkin,lpotkin16@blogs.com,Female,197.171.3.241
44,Stoddard,Drawmer,sdrawmer17@mayoclinic.com,Female,242.71.94.255
45,Kerrill,Duncan,kduncan18@jigsy.com,Female,190.151.173.57
46,Shermy,Torbet,storbet19@unicef.org,Male,155.209.84.246
47,Emily,Matskiv,ematskiv1a@cyberchimps.com,Female,198.179.153.216
48,Killy,Courcey,kcourcey1b@theglobeandmail.com,Genderfluid,152.86.79.241
49,Land,Huntingford,lhuntingford1c@wikia.com,Male,248.58.235.177
50,Cornelia,Pearsey,cpearsey1d@e-recht24.de,Female,161.149.102.191
51,Cinnamon,Flowitt,cflowitt1e@constantcontact.com,Female,198.197.114.119
52,Ganny,Iacovelli,giacovelli1f@pbs.org,Male,182.231.245.228
53,Dodi,Coo,dcoo1g@oracle.com,Female,136.177.242.132
54,Mela,Tunnick,mtunnick1h@businessinsider.com,Female,241.53.243.99
55,Aron,McVrone,amcvrone1i@multiply.com,Male,183.241.178.143
56,Christoforo,Hallbord,challbord1j@ow.ly,Male,209.96.245.82
57,Matthieu,Parrott,mparrott1k@flavors.me,Male,11.77.187.30
58,Marjie,Skellon,mskellon1l@comcast.net,Female,107.220.226.69
59,Gonzales,Chatainier,gchatainier1m@ezinearticles.com,Male,79.31.21.243
60,Berget,Reary,breary1n@wsj.com,Female,14.203.134.214
61,Salomon,Banasik,sbanasik1o@ebay.com,Male,154.22.132.163
62,Renado,Speariett,rspeariett1p@cdbaby.com,Male,214.241.104.80
63,Roxine,Village,rvillage1q@unblog.fr,Female,91.241.104.63
64,Sofie,Saberton,ssaberton1r@diigo.com,Female,152.171.65.14
65,Blane,Fearnehough,bfearnehough1s@oakley.com,Male,97.133.183.51
66,Sigrid,Rosoni,srosoni1t@discuz.net,Genderqueer,106.74.168.192
67,Maura,MacClancey,mmacclancey1u@yandex.ru,Female,253.56.230.2
68,Correy,Cuff,ccuff1v@nature.com,Male,40.87.236.101
69,Margette,Alliker,malliker1w@twitter.com,Non-binary,70.244.22.183
70,Erv,Scholz,escholz1x@quantcast.com,Male,79.90.162.133
71,Jeffy,Bearcock,jbearcock1y@apache.org,Male,157.133.98.198
72,Garner,Gearty,ggearty1z@domainmarket.com,Male,230.117.1.36
73,Maurice,Rome,mrome20@sogou.com,Agender,249.1.33.76
74,Dode,Kestian,dkestian21@bravesites.com,Female,232.39.41.18
75,Astra,Cornu,acornu22@wordpress.org,Female,8.114.134.25
76,Patton,Deeming,pdeeming23@purevolume.com,Agender,234.247.200.72
77,Camella,Nertney,cnertney24@foxnews.com,Female,85.118.121.12
78,Scott,Mc Curlye,smccurlye25@patch.com,Male,169.192.198.255
79,Francyne,Heisler,fheisler26@so-net.ne.jp,Female,23.111.141.87
80,Hastie,Livzey,hlivzey27@economist.com,Male,123.44.175.97
81,Marion,Darbishire,mdarbishire28@yolasite.com,Male,196.55.193.246
82,Dari,McCreary,dmccreary29@opensource.org,Female,31.115.75.139
83,Neall,Castelijn,ncastelijn2a@unicef.org,Male,142.195.162.195
84,Reid,Hughland,rhughland2b@howstuffworks.com,Male,114.149.133.223
85,Sloan,Twidle,stwidle2c@prlog.org,Male,181.153.155.229
86,Ashlie,Cade,acade2d@squarespace.com,Female,82.192.5.51
87,Eal,Ennals,eennals2e@joomla.org,Male,2.107.192.100
88,Amye,Durno,adurno2f@omniture.com,Female,2.60.33.100
89,Ferguson,Armiger,farmiger2g@hibu.com,Male,252.24.124.97
90,Betteann,Craik,bcraik2h@cdbaby.com,Female,117.241.157.105
91,Egbert,Huggen,ehuggen2i@purevolume.com,Male,155.169.38.33
92,Terence,Camel,tcamel2j@amazon.com,Male,22.163.144.217
93,Samara,Coultish,scoultish2k@ed.gov,Female,84.211.199.113
94,Artemus,Valti,avalti2l@homestead.com,Male,150.20.242.82
95,Brade,Bruce,bbruce2m@toplist.cz,Bigender,106.196.90.144
96,Jareb,Laughnan,jlaughnan2n@xing.com,Male,149.224.232.134
97,Kalle,Tyas,ktyas2o@w3.org,Male,102.108.100.122
98,Taite,Trime,ttrime2p@nba.com,Male,248.93.20.194
99,Leah,Clausson,lclausson2q@istockphoto.com,Female,67.59.13.233
100,Lonny,Refford,lrefford2r@icq.com,Male,211.5.76.97
101,Carey,Westcot,cwestcot2s@reddit.com,Female,250.1.19.219
102,Jarrett,Cumesky,jcumesky2t@prlog.org,Male,80.100.63.234
103,Georgia,Fleote,gfleote2u@about.com,Female,50.105.12.112
104,Bekki,Redwing,bredwing2v@cbc.ca,Agender,194.42.98.140
105,Randolph,Cran,rcran2w@google.ru,Male,119.172.113.81
106,Darcy,Philpots,dphilpots2x@blog.com,Male,232.143.164.232
107,Ofelia,Medley,omedley2y@msn.com,Female,173.62.99.68
108,Linnell,Sieghard,lsieghard2z@dion.ne.jp,Genderfluid,165.68.243.238
109,Abra,Griniov,agriniov30@google.es,Female,171.109.189.28
110,Kacey,Izatson,kizatson31@example.com,Female,193.157.1.46
111,Shanon,Nudds,snudds32@techcrunch.com,Female,88.149.25.212
112,Kim,Gimblett,kgimblett33@who.int,Male,82.153.190.255
113,Bobinette,Devine,bdevine34@unesco.org,Female,205.37.194.132
114,Axe,Sutterfield,asutterfield35@hhs.gov,Male,104.168.131.195
115,Sunny,Liddicoat,sliddicoat36@pcworld.com,Male,75.186.203.39
116,Sonnie,Veysey,sveysey37@cpanel.net,Female,178.144.119.87
117,Bat,Quenell,bquenell38@cornell.edu,Male,177.17.115.101
118,Jasmine,Coultard,jcoultard39@parallels.com,Female,16.9.2.92
119,Gardy,Hirth,ghirth3a@networksolutions.com,Male,66.120.91.46
120,Wiatt,Pimlett,wpimlett3b@unc.edu,Male,233.221.210.224
121,Lorain,Jakubovicz,ljakubovicz3c@hatena.ne.jp,Female,88.252.93.1
122,Zenia,Yitzhakof,zyitzhakof3d@cmu.edu,Female,66.49.101.82
123,Niles,Blezard,nblezard3e@topsy.com,Male,194.97.1.206
124,Akim,Collinge,acollinge3f@theglobeandmail.com,Male,209.92.69.29
125,Dario,Aleshintsev,daleshintsev3g@printfriendly.com,Male,172.227.170.117
126,Vonni,Coombs,vcoombs3h@uol.com.br,Female,4.37.220.232
127,Moe,Snartt,msnartt3i@answers.com,Male,64.81.194.19
128,Karyn,Fearby,kfearby3j@census.gov,Female,119.59.196.206
129,Adan,De Metz,ademetz3k@godaddy.com,Male,240.232.47.220
130,Agace,Sallarie,asallarie3l@symantec.com,Female,245.133.3.221
131,Gherardo,Sturney,gsturney3m@nifty.com,Male,59.150.86.67
132,Ora,Loiterton,oloiterton3n@drupal.org,Female,197.113.30.142
133,Karissa,Ladds,kladds3o@ftc.gov,Female,242.118.164.204
134,Saba,Pinchbeck,spinchbeck3p@nydailynews.com,Female,126.188.178.22
135,Marci,Udden,mudden3q@posterous.com,Female,104.161.242.80
136,Fiann,Josselson,fjosselson3r@globo.com,Female,70.137.10.107
137,Richmond,Edgeler,redgeler3s@ca.gov,Male,131.117.204.63
138,Dominique,McGready,dmcgready3t@usgs.gov,Polygender,68.224.11.53
139,Lelia,Tiery,ltiery3u@over-blog.com,Female,160.135.23.98
140,Dorothy,Lofty,dlofty3v@google.it,Female,131.173.87.197
141,Nikolas,Marcoolyn,nmarcoolyn3w@wisc.edu,Male,81.20.209.112
142,Kale,Dubery,kdubery3x@reference.com,Male,166.76.111.0
143,Annmaria,Pooly,apooly3y@ucsd.edu,Female,26.102.78.230
144,Maible,Priestner,mpriestner3z@dmoz.org,Female,223.140.225.142
145,Lewiss,Cersey,lcersey40@yellowbook.com,Male,137.184.240.62
146,Darren,Turban,dturban41@google.pl,Male,212.44.236.45
147,Carmine,Balshen,cbalshen42@usa.gov,Male,124.149.33.184
148,Udall,Hedge,uhedge43@gizmodo.com,Male,178.89.52.132
149,Freddy,Wheildon,fwheildon44@upenn.edu,Male,32.217.253.185
150,Teddie,Melwall,tmelwall45@cnbc.com,Male,34.17.248.199
151,Alvy,Aikett,aaikett46@engadget.com,Male,255.38.72.175
152,Penni,Gayne,pgayne47@un.org,Female,54.242.145.173
153,Sandro,Langhor,slanghor48@google.nl,Male,158.58.223.93
154,Wynn,Loseby,wloseby49@hc360.com,Male,86.24.237.234
155,Sherie,Crut,scrut4a@woothemes.com,Female,31.171.188.39
156,Richmound,Cady,rcady4b@posterous.com,Male,158.181.231.169
157,Charlena,Lawes,clawes4c@ning.com,Female,60.46.183.210
158,Janean,Podmore,jpodmore4d@tripadvisor.com,Female,202.78.80.156
159,Tadeas,Bande,tbande4e@slate.com,Male,247.184.106.167
160,Gaspar,Lampbrecht,glampbrecht4f@pcworld.com,Male,32.109.86.1
161,Alaster,Romayn,aromayn4g@who.int,Polygender,85.122.58.219
162,Ives,Prujean,iprujean4h@prweb.com,Male,202.214.197.231
163,Davidson,Kersaw,dkersaw4i@geocities.com,Male,196.197.153.111
164,Alaster,Longmaid,alongmaid4j@spiegel.de,Male,25.226.4.88
165,Suzi,Storck,sstorck4k@ihg.com,Female,94.227.115.90
166,Rozelle,Billinge,rbillinge4l@nps.gov,Female,77.147.255.141
167,Fleming,Boule,fboule4m@marriott.com,Male,221.57.97.150
168,Roseline,Payley,rpayley4n@histats.com,Female,39.57.33.222
169,Aila,Mc Ilory,amcilory4o@t.co,Female,142.249.92.81
170,Ainslie,Gorstidge,agorstidge4p@intel.com,Female,168.179.94.229
171,Bartolemo,Balls,bballs4q@opensource.org,Male,121.170.252.152
172,Rodge,Sexcey,rsexcey4r@tmall.com,Male,222.248.23.28
173,Gerta,Di Lucia,gdilucia4s@meetup.com,Female,214.87.221.101
174,Sergent,Lovell,slovell4t@reference.com,Male,87.212.160.97
175,Aldwin,Lockey,alockey4u@furl.net,Male,201.143.80.226
176,Sebastian,Olivia,solivia4v@fda.gov,Male,246.18.194.191
177,Ham,Felton,hfelton4w@squarespace.com,Male,6.194.213.6
178,Elisha,Hamshaw,ehamshaw4x@surveymonkey.com,Female,235.148.113.26
179,Ardis,Necolds,anecolds4y@deviantart.com,Female,248.191.178.14
180,Viki,Della Scala,vdellascala4z@bandcamp.com,Female,44.8.224.45
181,Zulema,Tofanini,ztofanini50@ezinearticles.com,Female,189.83.41.31
182,Harrison,Esome,hesome51@tiny.cc,Male,187.193.193.48
183,Charmaine,Dreakin,cdreakin52@1und1.de,Female,143.146.55.72
184,Ailene,Bryns,abryns53@storify.com,Female,183.131.141.250
185,Malina,Blaes,mblaes54@arizona.edu,Genderqueer,215.59.153.84
186,Kent,Alywin,kalywin55@telegraph.co.uk,Male,70.144.132.112
187,Burlie,Treace,btreace56@earthlink.net,Male,176.251.165.51
188,Guillaume,Alpine,galpine57@liveinternet.ru,Male,66.116.233.192
189,Eleonore,Calender,ecalender58@ocn.ne.jp,Non-binary,102.110.95.4
190,Remus,Lovell,rlovell59@europa.eu,Male,109.178.87.76
191,Rhetta,Neem,rneem5a@furl.net,Female,24.9.140.35
192,Myranda,Ragot,mragot5b@youtube.com,Female,211.71.124.198
193,Rogerio,Tomasian,rtomasian5c@t.co,Male,234.236.66.80
194,Berenice,Winchester,bwinchester5d@goodreads.com,Female,85.45.41.0
195,Franciskus,Colbeck,fcolbeck5e@hatena.ne.jp,Male,125.123.62.29
196,Aubrey,Manhood,amanhood5f@goo.gl,Female,234.62.156.32
197,Pierre,Aylin,paylin5g@washington.edu,Polygender,216.104.124.183
198,Kelly,Twittey,ktwittey5h@creativecommons.org,Male,178.148.200.179
199,Yoshi,Mawman,ymawman5i@theguardian.com,Female,65.86.155.108
200,Lyell,Tuffley,ltuffley5j@xing.com,Male,171.86.120.235
201,Elston,Coorington,ecoorington5k@histats.com,Male,203.26.118.117
202,Al,Filippazzo,afilippazzo5l@mit.edu,Male,89.127.111.54
203,Nicol,Roscrigg,nroscrigg5m@ftc.gov,Male,16.56.199.151
204,Brynna,Rosie,brosie5n@sourceforge.net,Female,228.0.186.106
205,Stewart,Trimble,strimble5o@google.pl,Male,43.57.82.10
206,Mose,Winsborrow,mwinsborrow5p@tripadvisor.com,Male,217.124.233.11
207,Melissa,Esser,messer5q@cmu.edu,Female,214.104.81.22
208,Huntley,Cecchi,hcecchi5r@arizona.edu,Male,76.124.142.167
209,Mela,Druce,mdruce5s@last.fm,Female,234.14.148.185
210,Gasparo,Manes,gmanes5t@blinklist.com,Male,89.64.181.96
211,Elyse,Piquard,epiquard5u@sun.com,Polygender,89.0.237.135
212,Haydon,Pickett,hpickett5v@wikia.com,Male,246.223.165.196
213,Jehanna,Newport,jnewport5w@who.int,Female,130.179.160.85
214,Gerek,Tesseyman,gtesseyman5x@booking.com,Male,181.63.108.52
215,Farlie,Jessen,fjessen5y@dmoz.org,Male,9.12.224.133
216,Porty,Lyston,plyston5z@pagesperso-orange.fr,Male,210.114.160.179
217,Jasmine,Nichols,jnichols60@princeton.edu,Female,143.168.130.143
218,Giulietta,Lorden,glorden61@opensource.org,Female,15.40.170.3
219,Idalina,Sidney,isidney62@vkontakte.ru,Female,172.94.23.42
220,Dave,Gusney,dgusney63@mysql.com,Male,182.83.12.148
221,Abrahan,Styles,astyles64@hatena.ne.jp,Male,255.159.255.8
222,Rancell,Hinckesman,rhinckesman65@typepad.com,Male,73.155.193.244
223,Killie,Coneybeer,kconeybeer66@goo.ne.jp,Male,219.196.242.153
224,Trey,Petrie,tpetrie67@unesco.org,Male,69.132.44.22
225,Lynnette,Issacov,lissacov68@last.fm,Female,83.137.149.118
226,Sydney,Gerhartz,sgerhartz69@jugem.jp,Male,235.9.248.147
227,Lindsay,Bowmen,lbowmen6a@unblog.fr,Male,94.116.66.44
228,Cyb,Dufty,cdufty6b@goodreads.com,Genderfluid,69.109.13.203
229,Roy,Lawlings,rlawlings6c@i2i.jp,Male,198.192.159.54
230,Gerrie,Huett,ghuett6d@newsvine.com,Female,106.88.128.50
231,Lance,Ethelston,lethelston6e@discovery.com,Male,205.73.92.220
232,Tull,Cunningham,tcunningham6f@youtu.be,Male,13.186.148.132
233,Tiffani,Le Galle,tlegalle6g@paypal.com,Bigender,201.67.130.53
234,Bronson,Marven,bmarven6h@samsung.com,Male,239.184.212.93
235,Filip,Birdwhistell,fbirdwhistell6i@wisc.edu,Male,13.229.29.228
236,Arvy,Purrington,apurrington6j@rambler.ru,Male,64.82.65.252
237,Josias,Rolance,jrolance6k@tripadvisor.com,Male,72.8.226.169
238,Darius,Jubert,djubert6l@foxnews.com,Male,13.222.75.250
239,Evangelia,Pinchon,epinchon6m@reuters.com,Female,249.196.63.166
240,Cello,Jedrysik,cjedrysik6n@dot.gov,Male,205.245.131.156
241,Kelli,Bottrell,kbottrell6o@techcrunch.com,Genderfluid,29.67.134.123
242,Gorden,Ivimy,givimy6p@patch.com,Male,171.251.98.156
243,Hedy,Arent,harent6q@livejournal.com,Female,221.64.245.114
244,Lida,Darch,ldarch6r@51.la,Female,49.138.199.23
245,Gustave,O'Donohue,godonohue6s@addtoany.com,Male,6.51.4.197
246,Zelma,Seyler,zseyler6t@chicagotribune.com,Female,178.218.63.125
247,Bryn,Schimek,bschimek6u@51.la,Female,242.223.26.18
248,Ward,Tribell,wtribell6v@dropbox.com,Male,156.178.174.24
249,Layton,Roches,lroches6w@typepad.com,Male,202.95.160.97
250,Gweneth,Alishoner,galishoner6x@cornell.edu,Female,149.186.203.186
251,Teddy,Aronin,taronin6y@sciencedaily.com,Female,55.216.73.242
252,Mill,Falks,mfalks6z@ask.com,Male,20.195.194.96
253,Pauline,Stede,pstede70@omniture.com,Female,172.121.85.156
254,Orelie,Kleinmintz,okleinmintz71@aboutads.info,Female,186.85.172.208
255,Yehudit,Kiera,ykiera72@alibaba.com,Male,255.182.41.70
256,Juliane,Dwane,jdwane73@twitpic.com,Genderfluid,43.238.229.183
257,Camila,Twycross,ctwycross74@japanpost.jp,Female,139.30.97.55
258,Luz,McTeggart,lmcteggart75@zimbio.com,Female,38.207.109.189
259,Sutherland,Aiken,saiken76@istockphoto.com,Male,95.254.198.11
260,Kippie,Le Gall,klegall77@pen.io,Male,133.142.65.168
261,Stormie,Adamovicz,sadamovicz78@sogou.com,Female,216.106.159.185
262,Mitch,Sancias,msancias79@cafepress.com,Male,19.42.123.26
263,Lindsay,Eagleton,leagleton7a@npr.org,Male,250.212.166.16
264,Johnathon,Fox,jfox7b@wufoo.com,Male,221.202.132.174
265,Laurent,Nore,lnore7c@nytimes.com,Male,214.242.67.101
266,Lane,Sellen,lsellen7d@aboutads.info,Female,5.202.208.142
267,Gayle,Gillions,ggillions7e@last.fm,Male,149.63.217.66
268,Karlik,Awcock,kawcock7f@example.com,Male,110.140.115.193
269,Barton,Vagg,bvagg7g@nifty.com,Male,143.28.243.24
270,Che,Fidgin,cfidgin7h@w3.org,Male,157.133.121.14
271,Adria,D'Agostino,adagostino7i@tinyurl.com,Female,142.32.10.175
272,Kelby,Evangelinos,kevangelinos7j@furl.net,Male,241.195.36.78
273,Natassia,Simione,nsimione7k@wikia.com,Female,249.203.249.123
274,Nicky,Chubb,nchubb7l@cmu.edu,Female,75.115.235.93
275,Evy,Comber,ecomber7m@google.com,Female,18.255.46.62
276,Olivie,McGready,omcgready7n@dot.gov,Female,178.141.10.192
277,Fleurette,Jurca,fjurca7o@4shared.com,Female,32.93.168.37
278,Tera,Purvess,tpurvess7p@stanford.edu,Female,236.95.152.132
279,Leeland,Abramson,labramson7q@mlb.com,Male,113.205.88.47
280,Ann-marie,Balducci,abalducci7r@diigo.com,Female,228.40.241.182
281,Sylvia,Saggs,ssaggs7s@spotify.com,Female,113.240.68.85
282,Fleurette,Corkish,fcorkish7t@uol.com.br,Female,103.118.41.125
283,Georgiana,Densell,gdensell7u@oracle.com,Female,232.248.233.234
284,Rona,Hume,rhume7v@time.com,Female,238.204.148.167
285,Zsazsa,Phillippo,zphillippo7w@cnbc.com,Female,135.93.218.78
286,Flora,Wilgar,fwilgar7x@sphinn.com,Female,249.166.87.45
287,Josee,Gookey,jgookey7y@ycombinator.com,Female,47.213.146.105
288,Franni,Checci,fchecci7z@example.com,Female,98.254.31.220
289,Kermie,Horley,khorley80@vk.com,Male,131.7.123.97
290,Krystalle,Van Salzberger,kvansalzberger81@google.pl,Female,214.37.43.73
291,Aguste,Hazley,ahazley82@purevolume.com,Male,117.120.12.114
292,Lyn,Fensome,lfensome83@ebay.co.uk,Female,195.40.50.176
293,Townie,Tunder,ttunder84@ed.gov,Male,152.56.96.90
294,Welsh,Darrow,wdarrow85@vimeo.com,Non-binary,159.32.124.198
295,Lothario,MacLice,lmaclice86@un.org,Male,142.27.83.218
296,Cordelia,Bremner,cbremner87@ftc.gov,Female,247.23.89.90
297,Elsworth,Ionnidis,eionnidis88@w3.org,Male,180.5.235.25
298,Price,MacLoughlin,pmacloughlin89@amazon.co.uk,Male,63.224.69.95
299,Arvy,Goudard,agoudard8a@slideshare.net,Male,29.36.23.117
300,Hilliary,Cardinale,hcardinale8b@list-manage.com,Female,141.224.53.200
301,Bevan,McGilben,bmcgilben8c@tmall.com,Male,47.153.144.65
302,Holly-anne,Race,hrace8d@unc.edu,Female,59.62.244.180
303,Oren,Clowley,oclowley8e@woothemes.com,Male,120.152.212.163
304,Eliot,Lawerence,elawerence8f@hatena.ne.jp,Male,193.167.156.255
305,Heddi,O'Cuddie,hocuddie8g@geocities.com,Female,135.12.196.117
306,Prissie,Keddy,pkeddy8h@sohu.com,Female,128.183.18.240
307,Linnie,Childs,lchilds8i@uol.com.br,Female,97.64.251.154
308,Valaria,Hicken,vhicken8j@netscape.com,Female,78.157.39.158
309,Teena,Comiskey,tcomiskey8k@soundcloud.com,Female,106.191.37.31
310,Susannah,Kitchener,skitchener8l@spiegel.de,Female,99.205.88.49
311,Herby,Cockman,hcockman8m@comcast.net,Male,92.82.5.125
312,Gavra,Cathenod,gcathenod8n@indiegogo.com,Non-binary,61.76.26.196
313,Finn,Coldwell,fcoldwell8o@jiathis.com,Male,235.140.175.197
314,Neil,Elphinston,nelphinston8p@stanford.edu,Male,40.190.105.72
315,Gherardo,Sutherel,gsutherel8q@livejournal.com,Male,33.213.246.4
316,Nollie,Macon,nmacon8r@imdb.com,Male,39.95.80.125
317,Glenn,Tire,gtire8s@zimbio.com,Female,87.147.124.99
318,Keen,Stairs,kstairs8t@feedburner.com,Male,89.14.179.98
319,Daffi,Lindegard,dlindegard8u@reverbnation.com,Female,21.62.6.194
320,Lora,Bellew,lbellew8v@hugedomains.com,Female,155.102.108.67
321,Valerie,Godfroy,vgodfroy8w@home.pl,Female,83.243.1.166
322,Killy,Leeds,kleeds8x@ezinearticles.com,Bigender,193.54.93.111
323,Ezekiel,Gannicott,egannicott8y@bloomberg.com,Male,163.32.135.137
324,Anatollo,Enevoldsen,aenevoldsen8z@ocn.ne.jp,Male,198.3.69.26
325,Isaac,Warboy,iwarboy90@foxnews.com,Genderqueer,161.231.107.83
326,Enoch,Kinsella,ekinsella91@moonfruit.com,Male,204.8.98.104
327,Rennie,Edgerton,redgerton92@cbsnews.com,Female,75.69.173.248
328,Darcie,Hobble,dhobble93@blogs.com,Female,69.170.251.144
329,Arnuad,Anyon,aanyon94@vk.com,Male,152.101.201.214
330,Adlai,Guidera,aguidera95@angelfire.com,Male,160.211.207.128
331,Early,Scholling,escholling96@marketwatch.com,Male,224.251.254.234
332,Ozzy,Machin,omachin97@mozilla.com,Male,54.254.233.29
333,Stacie,Nazer,snazer98@nature.com,Female,161.150.48.217
334,Yoko,Mingard,ymingard99@columbia.edu,Female,200.78.160.37
335,Pippy,Rackstraw,prackstraw9a@elegantthemes.com,Female,7.31.199.255
336,Ariadne,Sanbrook,asanbrook9b@cnbc.com,Female,39.167.218.232
337,Bendick,Scandrett,bscandrett9c@hexun.com,Male,57.57.160.202
338,Martainn,Dufoure,mdufoure9d@csmonitor.com,Male,114.11.118.223
339,Bond,Penhale,bpenhale9e@reverbnation.com,Male,75.140.80.233
340,Genia,Poll,gpoll9f@bandcamp.com,Female,75.247.192.150
341,Stacee,Riggert,sriggert9g@blog.com,Male,238.75.183.196
342,Catharine,Vasenkov,cvasenkov9h@slideshare.net,Female,137.71.208.254
343,Roberta,Ashplant,rashplant9i@usnews.com,Female,142.194.138.5
344,Willette,Beathem,wbeathem9j@marketwatch.com,Female,33.79.174.64
345,Ludvig,Longlands,llonglands9k@blinklist.com,Male,130.126.235.0
346,Blondelle,Rabidge,brabidge9l@freewebs.com,Non-binary,69.189.171.86
347,Tisha,Yoslowitz,tyoslowitz9m@answers.com,Female,27.143.211.170
348,Juan,Southon,jsouthon9n@ning.com,Male,102.24.218.240
349,Myra,Haquard,mhaquard9o@usgs.gov,Female,239.88.118.102
350,Bibby,Acom,bacom9p@microsoft.com,Female,15.229.148.220
351,Hughie,Watmore,hwatmore9q@myspace.com,Male,120.46.98.20
352,Kyla,Shieber,kshieber9r@dmoz.org,Female,106.204.99.255
353,Laryssa,McVicar,lmcvicar9s@altervista.org,Non-binary,215.192.38.39
354,Renato,Sincock,rsincock9t@vkontakte.ru,Male,31.53.149.189
355,Uriah,Gamon,ugamon9u@xrea.com,Male,45.178.21.242
356,Jeniffer,Loosemore,jloosemore9v@tuttocitta.it,Female,5.89.50.32
357,Brigit,Clayden,bclayden9w@ameblo.jp,Female,198.231.164.54
358,Frederich,Leebetter,fleebetter9x@sohu.com,Male,108.174.161.23
359,Fawn,Rayner,frayner9y@edublogs.org,Female,200.81.53.88
360,Ichabod,Grunson,igrunson9z@youtu.be,Male,67.223.133.120
361,Goldina,Lattie,glattiea0@cnbc.com,Female,56.118.67.103
362,Hank,Jesson,hjessona1@about.com,Male,45.37.201.1
363,D'arcy,Neate,dneatea2@infoseek.co.jp,Male,22.54.13.25
364,Stanford,Spalton,sspaltona3@chicagotribune.com,Male,159.55.208.72
365,Delcina,Ledrun,dledruna4@foxnews.com,Female,76.56.140.123
366,Ardelia,Pegler,apeglera5@accuweather.com,Female,232.221.229.86
367,Barbie,Scutts,bscuttsa6@lycos.com,Genderfluid,249.151.134.131
368,Fairlie,Treneman,ftrenemana7@bravesites.com,Male,114.188.171.159
369,Coop,Hirthe,chirthea8@arizona.edu,Male,194.193.152.44
370,Luis,Wardesworth,lwardeswortha9@theglobeandmail.com,Male,231.28.244.250
371,Kennie,Hacun,khacunaa@blogger.com,Bigender,76.245.158.136
372,Winny,McCloch,wmcclochab@wisc.edu,Genderqueer,219.254.128.7
373,Ricoriki,Kemmish,rkemmishac@istockphoto.com,Male,136.201.240.209
374,Lexy,Pevie,lpeviead@1688.com,Female,64.139.41.101
375,Zsazsa,Fosberry,zfosberryae@prnewswire.com,Female,251.75.158.128
376,Valera,Gellately,vgellatelyaf@ifeng.com,Female,74.217.162.88
377,Pearle,Beer,pbeerag@google.ru,Female,231.122.252.176
378,Aldridge,Southerns,asouthernsah@imageshack.us,Male,40.130.82.137
379,Devina,Baldacchino,dbaldacchinoai@guardian.co.uk,Genderfluid,27.59.4.11
380,Freddy,Sales,fsalesaj@latimes.com,Female,34.4.30.116
381,Marianne,Lidgett,mlidgettak@ebay.co.uk,Female,135.199.161.233
382,Saw,Poulden,spouldenal@fc2.com,Male,116.249.84.116
383,Herschel,Fumagall,hfumagallam@sitemeter.com,Male,227.79.68.169
384,Caterina,Allcoat,callcoatan@cyberchimps.com,Female,141.187.97.21
385,Bruno,Sabin,bsabinao@soundcloud.com,Male,99.138.148.57
386,Casper,Redhead,credheadap@privacy.gov.au,Male,190.166.127.56
387,Wang,McCrea,wmccreaaq@ovh.net,Non-binary,158.120.82.80
388,Stephani,Lincey,slinceyar@ihg.com,Female,138.28.206.58
389,Innis,Hagstone,ihagstoneas@mapquest.com,Male,110.158.111.65
390,Bearnard,Laurenson,blaurensonat@unesco.org,Male,218.4.228.141
391,Griselda,Dymidowski,gdymidowskiau@webmd.com,Female,244.93.195.156
392,Fae,MacGilpatrick,fmacgilpatrickav@flavors.me,Female,10.18.37.184
393,Weider,Weepers,wweepersaw@wp.com,Male,97.223.138.95
394,Vonny,Constantine,vconstantineax@dell.com,Female,22.68.126.220
395,Read,Tackes,rtackesay@psu.edu,Male,8.73.199.242
396,Bruno,Jado,bjadoaz@home.pl,Bigender,116.102.80.79
397,Bertine,Krysiak,bkrysiakb0@cisco.com,Female,192.12.128.214
398,Herby,Banyard,hbanyardb1@oaic.gov.au,Male,94.236.53.165
399,Hattie,Iacobacci,hiacobaccib2@microsoft.com,Female,133.13.167.7
400,Uriah,Regglar,uregglarb3@geocities.jp,Male,151.154.146.18
401,Colby,Emberson,cembersonb4@who.int,Male,86.161.205.77
402,Riannon,Estcot,restcotb5@constantcontact.com,Female,11.84.35.183
403,Joan,Tunnock,jtunnockb6@europa.eu,Female,129.217.127.84
404,Arlyne,Prier,aprierb7@51.la,Female,226.226.124.230
405,Chantal,Hess,chessb8@loc.gov,Female,104.241.44.47
406,Ashton,Collington,acollingtonb9@comcast.net,Male,247.74.69.197
407,Kristel,Fassbender,kfassbenderba@nymag.com,Female,225.91.202.172
408,Cob,Tewkesberrie,ctewkesberriebb@privacy.gov.au,Male,127.162.222.70
409,Claudian,Faux,cfauxbc@hhs.gov,Male,204.92.192.230
410,Hermon,Gadson,hgadsonbd@gmpg.org,Male,224.154.51.219
411,Isidora,Chettle,ichettlebe@bbc.co.uk,Female,178.227.89.198
412,Adella,Muschette,amuschettebf@forbes.com,Female,144.188.81.69
413,Sullivan,Menendes,smenendesbg@psu.edu,Male,34.121.204.196
414,Hinda,Fulford,hfulfordbh@opera.com,Female,167.55.174.187
415,Madelaine,McNaughton,mmcnaughtonbi@tinypic.com,Female,37.199.238.183
416,Riobard,Roma,rromabj@behance.net,Male,232.141.122.194
417,Maynord,Kellar,mkellarbk@flavors.me,Non-binary,92.246.109.231
418,Miriam,Gavrieli,mgavrielibl@biglobe.ne.jp,Female,20.195.28.222
419,Nickolaus,Whitehorn,nwhitehornbm@timesonline.co.uk,Male,101.193.127.253
420,Wendeline,Gainsbury,wgainsburybn@moonfruit.com,Female,24.30.231.26
421,Christopher,Marquet,cmarquetbo@studiopress.com,Male,2.250.71.231
422,Linnell,Somerset,lsomersetbp@bravesites.com,Female,155.175.47.153
423,Hilton,Crunkhurn,hcrunkhurnbq@sakura.ne.jp,Male,42.40.141.245
424,Gerrie,Kernocke,gkernockebr@flavors.me,Male,248.115.222.86
425,Pierre,MacGinlay,pmacginlaybs@wired.com,Male,117.79.206.30
426,Hilario,Gaydon,hgaydonbt@t-online.de,Male,155.245.191.87
427,Dode,Chapier,dchapierbu@yahoo.co.jp,Female,239.219.197.201
428,Bria,Harses,bharsesbv@boston.com,Female,102.188.76.152
429,Durand,Brosius,dbrosiusbw@cocolog-nifty.com,Male,145.130.131.8
430,Atlanta,Gotecliffe,agotecliffebx@nps.gov,Female,32.172.130.40
431,Faustine,Stiling,fstilingby@freewebs.com,Female,206.31.66.153
432,Beret,Gullick,bgullickbz@adobe.com,Female,78.10.100.63
433,Tedie,Bexon,tbexonc0@economist.com,Male,219.103.225.96
434,Amalee,Millen,amillenc1@nsw.gov.au,Female,206.186.243.181
435,Eloise,Williscroft,ewilliscroftc2@list-manage.com,Female,192.191.194.63
436,Tommie,Tofful,ttoffulc3@comsenz.com,Male,189.166.207.143
437,Joanna,Iacovides,jiacovidesc4@desdev.cn,Female,22.229.202.64
438,Mirabelle,Probey,mprobeyc5@sakura.ne.jp,Genderqueer,28.73.124.138
439,Jeff,Puttergill,jputtergillc6@dropbox.com,Genderfluid,11.48.248.76
440,Karoly,Sausman,ksausmanc7@blogger.com,Female,204.250.220.93
441,Luca,Mitham,lmithamc8@topsy.com,Male,125.92.89.100
442,Nessy,Purple,npurplec9@comcast.net,Polygender,199.192.19.94
443,Say,Crocetto,scrocettoca@mozilla.org,Male,149.190.138.31
444,Mitchael,Bortolotti,mbortolotticb@cafepress.com,Male,91.23.141.174
445,Derry,Hearne,dhearnecc@istockphoto.com,Male,134.229.86.231
446,Karalee,Brecknall,kbrecknallcd@telegraph.co.uk,Female,225.248.51.167
447,Brewer,Baddeley,bbaddeleyce@howstuffworks.com,Male,85.69.138.247
448,Donny,Rathmell,drathmellcf@indiatimes.com,Male,254.232.248.88
449,Penrod,Trustey,ptrusteycg@is.gd,Male,214.139.82.68
450,Celia,Turvie,cturviech@yolasite.com,Female,14.194.139.236
451,Ogdan,Welch,owelchci@woothemes.com,Male,211.9.219.47
452,Dolley,Artois,dartoiscj@dropbox.com,Female,225.3.55.124
453,Reyna,Donn,rdonnck@zimbio.com,Genderqueer,49.232.253.1
454,Jeffy,Gallagher,jgallaghercl@miitbeian.gov.cn,Male,126.117.218.173
455,Arlen,Howton,ahowtoncm@businessinsider.com,Male,242.186.112.149
456,Marshall,Core,mcorecn@themeforest.net,Male,118.118.38.123
457,Joachim,Friar,jfriarco@csmonitor.com,Male,230.5.53.217
458,Garland,Ketchell,gketchellcp@ebay.com,Female,54.128.254.20
459,Dominga,Smales,dsmalescq@usa.gov,Female,6.171.112.144
460,Freemon,Mallabund,fmallabundcr@wikispaces.com,Male,221.107.15.100
461,Hubert,Brandin,hbrandincs@ezinearticles.com,Polygender,194.159.70.49
462,Creighton,Lippiett,clippiettct@apple.com,Male,173.245.210.131
463,Hy,Shelliday,hshellidaycu@psu.edu,Male,244.8.202.208
464,Jody,Gossage,jgossagecv@usgs.gov,Male,71.26.39.129
465,Fax,Ivermee,fivermeecw@biglobe.ne.jp,Male,231.61.250.209
466,Deb,Westoll,dwestollcx@netscape.com,Non-binary,37.235.127.119
467,Samson,Treppas,streppascy@google.co.uk,Male,34.167.144.106
468,Maurits,Kaemena,mkaemenacz@biblegateway.com,Male,35.1.226.120
469,Gerrie,Menendez,gmenendezd0@washingtonpost.com,Female,164.171.47.42
470,Belita,Boxell,bboxelld1@4shared.com,Female,225.15.140.164
471,Sherlocke,Whopples,swhopplesd2@g.co,Genderqueer,61.191.45.100
472,Lev,Hercules,lherculesd3@reverbnation.com,Male,60.96.170.31
473,Bernhard,Burree,bburreed4@baidu.com,Male,235.200.214.89
474,Mallory,Kirkup,mkirkupd5@uol.com.br,Male,168.237.86.159
475,Adina,MacRannell,amacrannelld6@google.ru,Female,43.92.39.32
476,Cornela,Selburn,cselburnd7@goo.gl,Female,228.14.74.80
477,Gertie,McIver,gmciverd8@youku.com,Female,78.226.51.47
478,Angelia,Ferrao,aferraod9@scribd.com,Female,12.232.238.136
479,Alyss,Tommis,atommisda@chicagotribune.com,Female,12.184.78.108
480,Carmella,Dewdney,cdewdneydb@whitehouse.gov,Female,167.217.49.19
481,Guthrie,Guthrum,gguthrumdc@adobe.com,Male,220.68.71.55
482,Lissie,Malshinger,lmalshingerdd@slate.com,Genderfluid,113.229.164.66
483,Anastasie,Deegan,adeegande@addthis.com,Female,146.219.10.244
484,Lisette,Kinver,lkinverdf@yahoo.com,Female,239.215.234.242
485,Shauna,Gonsalvez,sgonsalvezdg@nhs.uk,Female,128.73.175.236
486,Mikel,Durn,mdurndh@trellian.com,Male,213.81.168.146
487,Suzanna,Berrisford,sberrisforddi@trellian.com,Female,244.36.76.245
488,Fancy,Bodycombe,fbodycombedj@csmonitor.com,Polygender,98.230.214.113
489,Judi,Izkovitch,jizkovitchdk@msu.edu,Female,192.12.128.52
490,Gnni,Tillard,gtillarddl@example.com,Female,233.251.28.70
491,Harlin,Varley,hvarleydm@sciencedaily.com,Male,22.66.78.255
492,Bert,Morling,bmorlingdn@reverbnation.com,Female,68.125.164.192
493,Dorita,Belle,dbelledo@statcounter.com,Female,205.61.255.202
494,Estell,Gurry,egurrydp@mapquest.com,Female,223.204.78.158
495,Velvet,Bagge,vbaggedq@meetup.com,Non-binary,162.167.188.46
496,Delia,Snell,dsnelldr@parallels.com,Female,65.43.43.236
497,Debor,Annatt,dannattds@google.cn,Agender,233.9.1.49
498,Arielle,Skelcher,askelcherdt@usda.gov,Female,58.248.9.224
499,Lovell,Kave,lkavedu@mail.ru,Bigender,8.189.40.113
500,Kermy,Demschke,kdemschkedv@canalblog.com,Male,5.155.180.16
501,Federico,Pinkney,fpinkneydw@indiatimes.com,Male,79.57.250.121
502,Alysa,McKilroe,amckilroedx@godaddy.com,Female,190.171.149.152
503,Ivie,Cotes,icotesdy@flavors.me,Female,62.170.105.0
504,Hakim,Gaskill,hgaskilldz@vinaora.com,Male,26.22.104.111
505,Curr,Kunat,ckunate0@go.com,Male,22.50.149.87
506,Ronnie,Paik,rpaike1@infoseek.co.jp,Female,212.5.99.49
507,Sarge,Grigorian,sgrigoriane2@acquirethisname.com,Male,87.30.245.85
508,Garwood,Merwede,gmerwedee3@discuz.net,Male,228.133.178.249
509,Tamera,Amaya,tamayae4@wufoo.com,Female,104.203.31.240
510,Neils,McComb,nmccombe5@sourceforge.net,Male,118.42.124.23
511,Ciro,Coulling,ccoullinge6@adobe.com,Male,106.245.213.77
512,Jenica,Stiller,jstillere7@omniture.com,Female,174.98.104.242
513,Rasla,MacRinn,rmacrinne8@yelp.com,Female,41.190.175.49
514,Maurice,Avey,maveye9@scientificamerican.com,Male,199.55.226.84
515,Sheelagh,Esmead,sesmeadea@desdev.cn,Female,33.182.110.42
516,Vinita,McDonald,vmcdonaldeb@yahoo.com,Bigender,135.53.200.59
517,Lucine,Winkworth,lwinkworthec@adobe.com,Polygender,25.68.80.237
518,Britta,Olesen,bolesened@linkedin.com,Agender,239.242.92.132
519,Franciskus,Blackaby,fblackabyee@pcworld.com,Male,143.176.202.249
520,Cullin,Realph,crealphef@shop-pro.jp,Male,219.241.115.25
521,Wildon,Tompkiss,wtompkisseg@gmpg.org,Male,3.103.181.160
522,Bevin,Beauchamp,bbeauchampeh@google.cn,Male,216.248.216.135
523,Egan,Chapiro,echapiroei@bluehost.com,Male,50.252.3.27
524,Valry,Van Der Weedenburg,vvanderweedenburgej@paypal.com,Female,138.224.20.11
525,Venita,Lewin,vlewinek@oracle.com,Female,70.167.207.52
526,Ynez,Dionis,ydionisel@tripadvisor.com,Female,88.78.250.211
527,Dwain,Mainland,dmainlandem@wunderground.com,Genderfluid,191.217.126.93
528,Nikolaos,Jedraszczyk,njedraszczyken@parallels.com,Male,35.72.23.155
529,Nanci,Ambrodi,nambrodieo@icio.us,Female,183.101.236.25
530,Orson,Shernock,oshernockep@nasa.gov,Male,75.71.254.78
531,Moise,Devereu,mdevereueq@ft.com,Male,131.32.215.113
532,Sidnee,Mcimmie,smcimmieer@icq.com,Male,253.152.207.3
533,Beverley,Simunek,bsimunekes@163.com,Female,191.88.104.93
534,Agnese,Quincey,aquinceyet@google.com.br,Female,125.170.90.163
535,Orelee,Tedstone,otedstoneeu@cdbaby.com,Female,86.157.181.7
536,Markos,Stienton,mstientonev@dailymotion.com,Polygender,72.124.190.192
537,Sumner,Burvill,sburvillew@mapquest.com,Male,174.237.101.89
538,Ken,Mirfield,kmirfieldex@who.int,Male,145.52.20.26
539,Clementia,Geck,cgeckey@google.ru,Female,179.236.24.219
540,Cory,Klimschak,cklimschakez@1und1.de,Female,210.41.249.180
541,Graeme,McFadin,gmcfadinf0@nature.com,Male,24.200.243.188
542,Dotty,Kesley,dkesleyf1@hc360.com,Female,210.171.134.31
543,Mel,Manntschke,mmanntschkef2@addtoany.com,Non-binary,71.216.248.83
544,Cissiee,Costi,ccostif3@soundcloud.com,Female,194.203.63.191
545,Ikey,Wolford,iwolfordf4@artisteer.com,Male,166.254.9.140
546,Sindee,Pendlebery,spendleberyf5@tuttocitta.it,Female,237.130.231.28
547,Salomone,Saxton,ssaxtonf6@google.pl,Male,96.222.30.65
548,Darbee,Bamlett,dbamlettf7@kickstarter.com,Male,144.9.122.255
549,Bendix,Rielly,briellyf8@reverbnation.com,Male,124.84.47.54
550,Charmian,Sauvan,csauvanf9@gov.uk,Female,113.50.95.92
551,Cherish,Horlick,chorlickfa@hatena.ne.jp,Female,99.101.242.191
552,Galina,Bachellier,gbachellierfb@seesaa.net,Female,185.65.16.59
553,Paquito,Rosindill,prosindillfc@godaddy.com,Male,115.124.54.143
554,Siana,Harbord,sharbordfd@gizmodo.com,Female,58.59.174.29
555,Robert,Hazelton,rhazeltonfe@cargocollective.com,Male,72.73.43.243
556,Davidde,Tipton,dtiptonff@uiuc.edu,Male,153.155.142.158
557,Kathe,Langdon,klangdonfg@pen.io,Female,211.158.239.36
558,Tynan,Norvell,tnorvellfh@prnewswire.com,Bigender,192.210.119.73
559,Lidia,Tumulty,ltumultyfi@pbs.org,Female,244.39.3.73
560,Leonhard,Saywood,lsaywoodfj@rambler.ru,Male,126.114.241.12
561,Linc,Birley,lbirleyfk@ning.com,Male,103.15.217.25
562,Dionysus,Fardon,dfardonfl@wsj.com,Male,51.247.247.141
563,Hale,Shinefield,hshinefieldfm@drupal.org,Male,166.247.245.33
564,Beitris,Siggs,bsiggsfn@nifty.com,Female,44.15.13.56
565,Lura,Monk,lmonkfo@amazon.co.jp,Female,73.65.14.153
566,Karalee,Kilgallen,kkilgallenfp@naver.com,Female,235.153.168.73
567,Edna,Pugh,epughfq@rediff.com,Female,92.127.195.152
568,Christos,Scobie,cscobiefr@cornell.edu,Male,248.54.105.184
569,Sib,Brownill,sbrownillfs@jiathis.com,Genderqueer,133.156.207.5
570,Malachi,Issatt,missattft@imageshack.us,Male,250.160.160.18
571,Pernell,Demcak,pdemcakfu@com.com,Male,47.155.71.19
572,Giuseppe,Bendle,gbendlefv@addthis.com,Male,99.19.169.191
573,Kelli,Wilne,kwilnefw@diigo.com,Female,96.220.7.230
574,Gardy,Commings,gcommingsfx@is.gd,Male,158.142.166.72
575,Trumaine,Laflin,tlaflinfy@wikispaces.com,Male,181.11.96.252
576,Kerry,Presswell,kpresswellfz@netlog.com,Female,154.196.49.13
577,Juline,Formby,jformbyg0@bloomberg.com,Female,140.204.76.48
578,Sibylle,Tapton,staptong1@oaic.gov.au,Female,190.7.60.208
579,Artemis,Forson,aforsong2@opensource.org,Male,91.176.156.197
580,Lucilia,Boswell,lboswellg3@about.me,Female,46.144.11.227
581,Catha,Llywarch,cllywarchg4@mac.com,Female,71.84.174.78
582,Florian,Blethin,fblething5@desdev.cn,Male,158.192.95.217
583,Val,Chamberlin,vchamberling6@hibu.com,Male,113.49.64.56
584,Grace,Butchard,gbutchardg7@amazonaws.com,Male,244.240.169.63
585,Sula,Rings,sringsg8@google.de,Female,51.110.116.139
586,Lucita,Philippart,lphilippartg9@google.fr,Female,31.11.151.25
587,Timofei,Creddon,tcreddonga@jalbum.net,Male,3.53.246.130
588,Chico,Hilbourne,chilbournegb@indiatimes.com,Male,113.191.176.71
589,Julita,Titta,jtittagc@dell.com,Female,168.93.92.209
590,Eula,Taynton,etayntongd@ted.com,Female,50.93.30.10
591,Tybie,Styant,tstyantge@bandcamp.com,Female,135.242.90.190
592,Hendrika,Lehemann,hlehemanngf@cbslocal.com,Female,194.200.38.85
593,Teresita,Yashunin,tyashuningg@intel.com,Female,208.151.230.113
594,Kayla,Wickey,kwickeygh@meetup.com,Female,95.222.147.148
595,Olvan,Mary,omarygi@squidoo.com,Male,192.21.56.178
596,Tuesday,Attyeo,tattyeogj@ning.com,Female,125.134.37.206
597,Michaeline,Leisk,mleiskgk@51.la,Female,91.88.16.104
598,Rozelle,Roofe,rroofegl@wufoo.com,Female,2.182.38.80
599,Morgan,Mozzetti,mmozzettigm@about.com,Female,167.52.212.133
600,Krispin,Crofts,kcroftsgn@virginia.edu,Male,170.59.247.227
601,Erie,Cecchetelli,ececchetelligo@unblog.fr,Male,88.254.53.26
602,Rinaldo,Chesnay,rchesnaygp@java.com,Polygender,171.47.158.48
603,Samara,Meeron,smeerongq@51.la,Female,22.146.218.104
604,Monti,Besson,mbessongr@yellowbook.com,Agender,141.165.64.50
605,Yehudi,Biaggiotti,ybiaggiottigs@house.gov,Male,31.84.26.178
606,Elizabeth,Northleigh,enorthleighgt@epa.gov,Female,160.37.212.1
607,Chase,Rozea,crozeagu@biblegateway.com,Male,78.227.132.156
608,Braden,Lintall,blintallgv@sohu.com,Agender,24.3.149.17
609,Wanda,Scraggs,wscraggsgw@mlb.com,Female,129.150.46.234
610,Kathleen,Fuge,kfugegx@ed.gov,Female,200.154.157.16
611,Leela,Pollen,lpollengy@cornell.edu,Female,255.146.0.95
612,Hagan,Krause,hkrausegz@nifty.com,Male,207.230.170.18
613,Grover,Ridgley,gridgleyh0@umn.edu,Male,118.27.155.133
614,Joseito,Murie,jmurieh1@google.com,Male,66.253.198.96
615,Goldie,Pietroni,gpietronih2@usda.gov,Female,228.104.118.45
616,Ellwood,Barosch,ebaroschh3@geocities.com,Male,229.112.96.243
617,Willy,Dallimare,wdallimareh4@phpbb.com,Female,49.184.180.253
618,Lyle,Krzyzaniak,lkrzyzaniakh5@noaa.gov,Male,244.234.41.218
619,Jaye,Neave,jneaveh6@sfgate.com,Male,134.145.146.250
620,Angeli,Ivanyushkin,aivanyushkinh7@printfriendly.com,Male,2.108.123.235
621,Ram,Kirgan,rkirganh8@posterous.com,Male,191.194.174.75
622,Rabi,McGrath,rmcgrathh9@webeden.co.uk,Male,156.239.159.169
623,Ranice,Byforth,rbyforthha@yolasite.com,Female,242.116.71.253
624,Dorie,Courtenay,dcourtenayhb@sina.com.cn,Male,196.11.254.193
625,Tobey,Gravener,tgravenerhc@bloomberg.com,Female,51.254.30.16
626,Barb,Yitzovitz,byitzovitzhd@booking.com,Female,205.174.199.105
627,Saraann,Cambridge,scambridgehe@biglobe.ne.jp,Female,176.113.147.49
628,Vail,Metherell,vmetherellhf@toplist.cz,Male,34.131.106.226
629,Nikkie,Wytchard,nwytchardhg@themeforest.net,Female,120.235.3.31
630,Denis,Ondrich,dondrichhh@unicef.org,Male,250.106.242.179
631,Gretchen,Shapter,gshapterhi@jiathis.com,Female,135.157.66.193
632,Jeanette,Colbrun,jcolbrunhj@huffingtonpost.com,Female,185.193.69.48
633,Xaviera,Brayfield,xbrayfieldhk@umn.edu,Female,76.223.53.148
634,Mignonne,Hadley,mhadleyhl@bloomberg.com,Female,59.13.101.171
635,Keenan,Shimmans,kshimmanshm@hhs.gov,Male,123.93.24.53
636,Hy,Ellerbeck,hellerbeckhn@techcrunch.com,Male,247.55.73.177
637,Dickie,Beamson,dbeamsonho@sogou.com,Male,224.96.159.132
638,Ailsun,Driffe,adriffehp@home.pl,Female,209.162.186.23
639,Carol-jean,Calterone,ccalteronehq@gov.uk,Female,93.170.105.67
640,Arnoldo,Whitfield,awhitfieldhr@kickstarter.com,Male,161.191.5.194
641,Randi,Dudding,rduddinghs@ocn.ne.jp,Male,166.167.61.106
642,Berny,Prendergrass,bprendergrassht@businesswire.com,Female,138.205.59.61
643,Saunders,O' Kelleher,sokelleherhu@sitemeter.com,Male,187.126.11.15
644,Shelley,Stivani,sstivanihv@imdb.com,Male,193.214.35.180
645,Octavius,Saint,osainthw@blogs.com,Male,242.212.59.204
646,Gretal,Mundford,gmundfordhx@discuz.net,Female,245.92.100.22
647,Wait,Althorp,walthorphy@people.com.cn,Male,250.126.47.250
648,Drusilla,Pippin,dpippinhz@bing.com,Female,134.116.150.54
649,Austine,Abram,aabrami0@oakley.com,Female,14.132.186.134
650,Lynn,O'Crigan,locrigani1@vk.com,Male,238.24.113.115
651,Whittaker,Gommes,wgommesi2@thetimes.co.uk,Male,69.94.31.35
652,Ludvig,Dionisetti,ldionisettii3@bbb.org,Male,29.231.13.81
653,Darwin,Lyokhin,dlyokhini4@ibm.com,Male,144.148.191.175
654,Stirling,Shepton,ssheptoni5@cpanel.net,Male,237.4.154.239
655,Rani,Sybe,rsybei6@4shared.com,Female,154.70.197.34
656,Irena,Gerin,igerini7@ft.com,Female,145.168.134.60
657,Delmor,Lendrem,dlendremi8@indiegogo.com,Male,96.137.4.106
658,Sayers,Favela,sfavelai9@hatena.ne.jp,Bigender,19.4.72.241
659,Derward,Bayliss,dbaylissia@webmd.com,Male,69.120.223.94
660,Thurston,Proudlove,tproudloveib@google.de,Male,158.131.246.190
661,Morty,Laweles,mlawelesic@biblegateway.com,Male,1.143.240.190
662,Selig,Hankard,shankardid@woothemes.com,Male,92.253.90.108
663,Marlo,Roz,mrozie@google.es,Male,183.16.132.109
664,Daniel,Poulden,dpouldenif@psu.edu,Male,148.105.92.164
665,Raymund,Rossant,rrossantig@livejournal.com,Male,12.255.184.253
666,Tabby,Phython,tphythonih@ning.com,Female,138.215.44.147
667,Arleen,Birdfield,abirdfieldii@goo.ne.jp,Female,187.215.74.105
668,Dun,McPhail,dmcphailij@dell.com,Male,51.166.132.147
669,Kin,Borton,kbortonik@weibo.com,Agender,76.159.37.190
670,Marilin,Osbidston,mosbidstonil@ning.com,Female,32.198.230.165
671,Conni,Miners,cminersim@printfriendly.com,Female,175.252.254.110
672,Barbi,Rainger,braingerin@census.gov,Female,19.206.212.149
673,Krystalle,Gibbin,kgibbinio@opera.com,Female,177.173.213.243
674,Stinky,Bendare,sbendareip@devhub.com,Male,145.211.182.193
675,Orv,Brehaut,obrehautiq@youtu.be,Male,202.150.83.39
676,Alfie,Ganderton,agandertonir@mit.edu,Male,120.32.198.184
677,Lisette,Asken,laskenis@admin.ch,Female,143.136.206.173
678,Ferd,Fadian,ffadianit@cargocollective.com,Male,6.202.154.124
679,Karalee,Landman,klandmaniu@illinois.edu,Female,237.75.179.143
680,Matty,Keeri,mkeeriiv@delicious.com,Female,159.177.6.242
681,Sigvard,Merrell,smerrelliw@loc.gov,Male,169.151.4.62
682,Law,Godon,lgodonix@yale.edu,Male,38.39.190.238
683,Natty,Erangy,nerangyiy@ucla.edu,Female,111.92.15.241
684,Dalton,Schreurs,dschreursiz@altervista.org,Male,204.137.48.116
685,Aldis,Fogarty,afogartyj0@photobucket.com,Male,113.71.186.173
686,Carlen,Ghiroldi,cghiroldij1@indiatimes.com,Female,165.182.86.47
687,Rosana,Wheway,rwhewayj2@comcast.net,Female,200.102.155.191
688,Cathyleen,Phythean,cphytheanj3@unc.edu,Female,223.203.235.75
689,Karyn,Uff,kuffj4@constantcontact.com,Female,111.151.99.103
690,Chrisse,Gumery,cgumeryj5@nature.com,Male,85.169.210.109
691,Derry,Endicott,dendicottj6@auda.org.au,Male,114.158.127.17
692,Harlen,Colegate,hcolegatej7@sitemeter.com,Male,79.89.27.6
693,Rhiamon,Hartland,rhartlandj8@flickr.com,Female,203.154.36.167
694,Sarina,Dine-Hart,sdinehartj9@latimes.com,Female,70.106.175.236
695,Patrice,Hadcroft,phadcroftja@census.gov,Female,243.126.213.23
696,Benjie,Bullon,bbullonjb@dell.com,Male,225.206.3.52
697,Marshal,Bruyet,mbruyetjc@aboutads.info,Male,187.116.79.88
698,Papageno,Kemmish,pkemmishjd@google.ca,Male,87.203.151.70
699,Sheryl,Draycott,sdraycottje@ameblo.jp,Bigender,228.80.214.66
700,Sigrid,Cosgrive,scosgrivejf@dell.com,Female,187.171.230.69
701,Tobiah,Caswall,tcaswalljg@wordpress.org,Male,81.134.72.41
702,Frayda,Robert,frobertjh@webs.com,Female,219.41.198.81
703,Fremont,Brent,fbrentji@loc.gov,Male,43.231.227.107
704,Sydney,Aylmore,saylmorejj@chicagotribune.com,Genderqueer,81.15.212.152
705,Robinson,Mann,rmannjk@dropbox.com,Male,165.15.12.107
706,Mead,Exter,mexterjl@flavors.me,Female,157.168.112.57
707,Hoebart,Vanns,hvannsjm@networkadvertising.org,Male,240.196.107.183
708,Konstantin,Lomaz,klomazjn@wix.com,Male,46.121.246.68
709,Isahella,Natwick,inatwickjo@slate.com,Bigender,235.149.180.135
710,Baxy,Bonifazio,bbonifaziojp@wikispaces.com,Male,128.153.143.206
711,Garrick,Palmar,gpalmarjq@epa.gov,Male,230.134.66.254
712,Gayelord,Ortas,gortasjr@shutterfly.com,Male,51.74.200.118
713,Amalle,Atyea,aatyeajs@youtube.com,Female,234.19.110.11
714,Fannie,Searchfield,fsearchfieldjt@storify.com,Female,233.48.202.160
715,Ricky,Choldcroft,rcholdcroftju@youtube.com,Female,84.200.2.179
716,Kessia,Offell,koffelljv@github.io,Female,89.163.171.151
717,Laurianne,Dosdill,ldosdilljw@purevolume.com,Female,106.227.199.207
718,Halsy,Kensitt,hkensittjx@weather.com,Male,190.207.173.74
719,Danika,Spradbrow,dspradbrowjy@yale.edu,Polygender,236.115.220.138
720,Pieter,Bew,pbewjz@cbc.ca,Male,120.31.255.39
721,Erma,Annies,eanniesk0@spotify.com,Female,133.14.240.249
722,Erminia,Rentcome,erentcomek1@microsoft.com,Female,153.141.28.119
723,Anders,Wrotchford,awrotchfordk2@nature.com,Male,36.61.108.32
724,Elonore,Catto,ecattok3@chronoengine.com,Female,97.171.174.115
725,Rafaello,Sarll,rsarllk4@deliciousdays.com,Male,107.34.5.168
726,Ealasaid,Sebire,esebirek5@hibu.com,Female,57.79.44.221
727,Helsa,Kipling,hkiplingk6@opensource.org,Genderfluid,248.244.62.2
728,Rinaldo,Longcaster,rlongcasterk7@mozilla.org,Male,253.63.63.176
729,Constantin,Yurkiewicz,cyurkiewiczk8@hao123.com,Male,163.90.89.62
730,Fred,Yendall,fyendallk9@scribd.com,Male,227.122.248.196
731,Lenard,Clemence,lclemenceka@livejournal.com,Male,188.128.6.254
732,Yorke,Lythgoe,ylythgoekb@admin.ch,Male,106.78.20.96
733,Pincus,Morris,pmorriskc@t-online.de,Male,57.243.253.142
734,Nora,Ebbens,nebbenskd@macromedia.com,Female,207.156.226.34
735,Alanna,Sachno,asachnoke@dyndns.org,Female,202.251.166.126
736,Hugues,Reeveley,hreeveleykf@so-net.ne.jp,Male,194.157.3.87
737,Rod,Kenninghan,rkenninghankg@narod.ru,Male,31.135.121.187
738,Hamid,Ricket,hricketkh@yellowpages.com,Male,186.120.84.113
739,Aubine,Du Fray,adufrayki@nasa.gov,Female,213.21.141.119
740,Xever,Samples,xsampleskj@google.nl,Male,250.42.25.93
741,Clerissa,Glisenan,cglisenankk@simplemachines.org,Female,70.173.80.194
742,Gabriell,Benoi,gbenoikl@fda.gov,Female,21.134.221.6
743,Darrel,Clymo,dclymokm@yellowpages.com,Male,212.65.14.229
744,Lammond,Hold,lholdkn@pbs.org,Male,49.118.99.239
745,Abner,Gon,agonko@ox.ac.uk,Non-binary,22.118.48.2
746,Denni,Burgott,dburgottkp@arstechnica.com,Female,75.178.41.32
747,Chalmers,O Mullen,comullenkq@indiatimes.com,Male,74.146.70.57
748,Larine,Carnalan,lcarnalankr@goo.gl,Non-binary,244.124.11.255
749,Waldon,Slainey,wslaineyks@amazon.com,Male,179.104.45.123
750,Pebrook,Purbrick,ppurbrickkt@shutterfly.com,Male,133.91.146.170
751,Shay,Radleigh,sradleighku@noaa.gov,Male,142.252.238.189
752,Cliff,de Guise,cdeguisekv@state.gov,Male,78.144.86.101
753,Elsinore,Klampk,eklampkkw@statcounter.com,Female,52.73.181.92
754,Valencia,Brimble,vbrimblekx@discuz.net,Female,201.149.91.20
755,Shayna,Simister,ssimisterky@skyrock.com,Genderfluid,255.94.65.38
756,Sallyann,Blastock,sblastockkz@so-net.ne.jp,Female,28.188.68.209
757,Gustave,Dallan,gdallanl0@ning.com,Male,143.36.187.58
758,Winna,Mourgue,wmourguel1@icq.com,Female,9.204.19.223
759,Leanna,Warnock,lwarnockl2@oaic.gov.au,Female,186.157.126.146
760,Mozelle,Ede,medel3@taobao.com,Female,215.249.27.150
761,Tybie,Gemnett,tgemnettl4@unc.edu,Female,25.173.219.252
762,Rollo,Sissel,rsissell5@gravatar.com,Male,59.103.233.4
763,Alexio,Linebarger,alinebargerl6@washingtonpost.com,Male,9.232.105.134
764,Nadiya,Wingeatt,nwingeattl7@github.io,Female,66.202.105.183
765,Lonnie,Fussie,lfussiel8@wikimedia.org,Female,153.230.17.84
766,Reagan,Halwood,rhalwoodl9@google.fr,Male,186.197.56.110
767,Inness,Jagger,ijaggerla@privacy.gov.au,Male,198.67.249.145
768,Gabbie,Tutsell,gtutselllb@pbs.org,Male,53.42.198.43
769,Blinni,Maginn,bmaginnlc@chronoengine.com,Female,86.228.222.44
770,Amandy,Beetles,abeetlesld@indiatimes.com,Female,88.48.63.18
771,Ernesta,Cunningham,ecunninghamle@mysql.com,Female,133.220.70.124
772,Alisun,Stodhart,astodhartlf@stumbleupon.com,Female,24.53.156.13
773,Kelli,Goff,kgofflg@nasa.gov,Female,234.171.77.65
774,Imelda,Thor,ithorlh@phpbb.com,Female,223.113.63.106
775,Pauline,Rushbrook,prushbrookli@meetup.com,Female,214.121.124.97
776,Hayes,Spark,hsparklj@weather.com,Male,60.177.106.153
777,Jacquetta,Letteresse,jletteresselk@g.co,Female,30.37.248.225
778,Barrie,Mulvagh,bmulvaghll@ucoz.ru,Male,255.199.62.130
779,Lorne,Leversha,llevershalm@feedburner.com,Male,252.208.20.161
780,Cami,Heinrici,cheinriciln@amazon.de,Female,230.182.25.252
781,Lynelle,Shervil,lshervillo@people.com.cn,Female,161.171.213.191
782,Lib,Castagnasso,lcastagnassolp@illinois.edu,Female,187.41.73.1
783,Westley,Emberson,wembersonlq@so-net.ne.jp,Male,105.163.227.89
784,Fancy,Vedenyakin,fvedenyakinlr@washington.edu,Female,165.142.167.214
785,Galven,Massingham,gmassinghamls@skype.com,Male,53.41.69.253
786,Montgomery,Strodder,mstrodderlt@telegraph.co.uk,Male,142.13.116.28
787,Ruthe,Marfe,rmarfelu@ftc.gov,Female,211.209.255.33
788,Lotti,Rodie,lrodielv@aboutads.info,Female,23.230.209.137
789,Nisse,Cough,ncoughlw@hexun.com,Female,25.11.63.64
790,Marjory,Lavell,mlavelllx@businessinsider.com,Female,42.179.44.126
791,Kori,Hardistry,khardistryly@howstuffworks.com,Female,28.32.212.88
792,Alfonso,Darnell,adarnelllz@admin.ch,Male,100.240.143.58
793,Dorothee,O'Hartigan,dohartiganm0@wunderground.com,Female,166.144.178.224
794,Jervis,Ghidini,jghidinim1@google.com.hk,Male,232.154.48.165
795,Charlie,Furnell,cfurnellm2@imdb.com,Male,234.61.108.97
796,Quinton,Dibsdale,qdibsdalem3@wordpress.org,Male,171.247.209.252
797,Revkah,Keynes,rkeynesm4@independent.co.uk,Female,73.59.42.138
798,Jarrett,Brookwell,jbrookwellm5@huffingtonpost.com,Male,187.64.65.84
799,Hedwiga,Bloy,hbloym6@cocolog-nifty.com,Female,51.12.130.153
800,Lilllie,Crow,lcrowm7@vkontakte.ru,Female,155.200.53.187
801,Huntley,McGuckin,hmcguckinm8@theguardian.com,Male,200.70.154.10
802,Lorne,Milmore,lmilmorem9@princeton.edu,Female,198.104.62.192
803,Burlie,Balsdon,bbalsdonma@yandex.ru,Male,236.123.103.217
804,Ruthanne,Galego,rgalegomb@zimbio.com,Female,194.54.214.15
805,Emlyn,Mapledoram,emapledorammc@nationalgeographic.com,Genderfluid,224.132.10.37
806,Jodie,Pymm,jpymmmd@auda.org.au,Male,48.106.26.8
807,Jervis,M'Quharge,jmquhargeme@vistaprint.com,Male,108.140.95.63
808,Griffy,Mullany,gmullanymf@ftc.gov,Male,220.105.97.126
809,Andie,Fray,afraymg@hubpages.com,Genderfluid,224.54.7.144
810,Farrell,Stowgill,fstowgillmh@cargocollective.com,Male,207.151.44.84
811,Vergil,Goldring,vgoldringmi@earthlink.net,Male,118.169.51.253
812,Deeanne,Stables,dstablesmj@biglobe.ne.jp,Female,185.139.124.164
813,Jule,Beneyto,jbeneytomk@seattletimes.com,Male,118.3.234.13
814,Arri,Bish,abishml@xinhuanet.com,Male,203.152.193.226
815,Raoul,Zamorano,rzamoranomm@upenn.edu,Male,204.128.85.96
816,Benito,Stanyan,bstanyanmn@shop-pro.jp,Male,200.131.10.83
817,Matty,Kayes,mkayesmo@kickstarter.com,Genderfluid,42.99.163.205
818,Shelia,Doley,sdoleymp@ox.ac.uk,Female,143.99.97.97
819,Moina,Perdue,mperduemq@livejournal.com,Female,128.127.99.76
820,Tildy,Gaw,tgawmr@unc.edu,Genderqueer,92.133.151.89
821,Denny,Roderighi,droderighims@marketwatch.com,Female,187.137.207.68
822,Cindi,Ayers,cayersmt@wix.com,Female,16.99.31.235
823,Kerwinn,Adamovsky,kadamovskymu@comsenz.com,Male,102.251.162.11
824,Karoly,Bohlens,kbohlensmv@dell.com,Female,144.120.30.32
825,Irving,Lyptrade,ilyptrademw@imageshack.us,Male,239.107.2.26
826,Myrwyn,Lamar,mlamarmx@globo.com,Male,104.61.44.126
827,Edd,Ricardo,ericardomy@shinystat.com,Male,203.235.103.158
828,Adriano,Pyper,apypermz@archive.org,Male,174.250.251.34
829,Caryl,Gullberg,cgullbergn0@cbslocal.com,Male,253.213.81.36
830,Paulie,Houchen,phouchenn1@slate.com,Male,64.215.145.28
831,Elsa,Habberjam,ehabberjamn2@artisteer.com,Female,35.71.153.251
832,Rurik,MacManus,rmacmanusn3@mail.ru,Male,68.5.50.91
833,Orelie,Hilbourne,ohilbournen4@telegraph.co.uk,Polygender,52.204.92.161
834,Tull,Hastelow,thastelown5@sourceforge.net,Male,231.246.245.103
835,Ardella,Crucetti,acrucettin6@bloglovin.com,Female,238.56.249.244
836,Franny,Martusewicz,fmartusewiczn7@ow.ly,Male,97.176.165.57
837,Quillan,Founds,qfoundsn8@comsenz.com,Male,235.31.149.64
838,Archie,Guillford,aguillfordn9@nationalgeographic.com,Male,253.145.83.157
839,Marissa,Moggach,mmoggachna@mapy.cz,Female,93.143.107.120
840,Hannie,Troup,htroupnb@nba.com,Female,41.81.6.190
841,Carolus,Foxon,cfoxonnc@prweb.com,Male,82.84.252.177
842,Bertha,Strotton,bstrottonnd@freewebs.com,Female,143.28.187.21
843,Nikki,Gallafant,ngallafantne@marketwatch.com,Male,46.177.67.240
844,Damon,Wiffler,dwifflernf@twitter.com,Male,6.99.182.196
845,Pammy,Pantone,ppantoneng@delicious.com,Bigender,65.143.200.213
846,Sherye,Maffeo,smaffeonh@csmonitor.com,Female,102.205.62.65
847,Carroll,Duerdin,cduerdinni@home.pl,Bigender,200.156.226.44
848,Kayne,Carek,kcareknj@live.com,Male,61.64.109.167
849,Tommy,Allpress,tallpressnk@digg.com,Female,192.148.253.70
850,Poul,Cammomile,pcammomilenl@homestead.com,Male,54.121.151.180
851,Margette,Rizzone,mrizzonenm@mysql.com,Polygender,15.47.143.204
852,Celestine,Orriss,corrissnn@parallels.com,Female,161.56.42.231
853,Moses,Dunsmuir,mdunsmuirno@reference.com,Male,219.170.194.204
854,Faustine,Jardine,fjardinenp@newsvine.com,Female,109.228.54.166
855,Barbra,Aveline,bavelinenq@vkontakte.ru,Female,214.64.131.55
856,Rhett,Eayrs,reayrsnr@blogs.com,Male,121.218.115.136
857,Simone,Gobourn,sgobournns@chicagotribune.com,Female,33.22.204.221
858,Lynett,Biddell,lbiddellnt@slate.com,Female,1.61.165.60
859,Shane,Barmadier,sbarmadiernu@bloglovin.com,Male,103.236.188.42
860,Findley,Reubel,freubelnv@bing.com,Male,160.124.254.110
861,Micheal,Tutill,mtutillnw@sogou.com,Genderqueer,48.136.105.240
862,Murdock,Hawe,mhawenx@zdnet.com,Male,52.160.11.236
863,Adams,Henrych,ahenrychny@sphinn.com,Male,50.208.66.83
864,Merilee,Coggings,mcoggingsnz@imageshack.us,Genderfluid,114.65.192.230
865,Gino,MacTavish,gmactavisho0@digg.com,Male,219.123.33.192
866,Maison,Twort,mtworto1@pagesperso-orange.fr,Agender,76.96.223.230
867,Aila,Sibbering,asibberingo2@smugmug.com,Female,85.107.76.160
868,Gawain,Snuggs,gsnuggso3@nsw.gov.au,Male,123.97.218.161
869,Marylee,Vickars,mvickarso4@amazon.co.jp,Female,106.153.147.184
870,Harrie,Roast,hroasto5@weibo.com,Female,37.80.197.82
871,Bernard,MacRury,bmacruryo6@lycos.com,Male,153.93.42.161
872,Caresse,Thor,cthoro7@upenn.edu,Female,83.155.239.98
873,Justen,Konzelmann,jkonzelmanno8@wunderground.com,Male,93.28.80.139
874,Lezley,Swinney,lswinneyo9@google.ca,Male,188.115.227.106
875,Lelia,Fey,lfeyoa@ftc.gov,Female,140.195.45.73
876,Emmeline,Gillease,egilleaseob@hao123.com,Female,234.227.233.182
877,Julianna,McKinlay,jmckinlayoc@xing.com,Female,185.47.172.70
878,Richart,McComb,rmccombod@t.co,Male,95.188.175.63
879,Tiffi,Crigin,tcriginoe@nationalgeographic.com,Genderqueer,209.189.86.107
880,Humberto,Skep,hskepof@microsoft.com,Male,156.66.114.195
881,Hillard,Loghan,hloghanog@rambler.ru,Male,127.50.252.224
882,Cacilia,Dickings,cdickingsoh@theguardian.com,Female,152.229.164.1
883,Chrysa,Pocklington,cpocklingtonoi@furl.net,Female,55.47.255.43
884,Kacey,O'Neill,koneilloj@vk.com,Female,1.16.24.101
885,Vance,Swansbury,vswansburyok@hostgator.com,Male,84.131.243.93
886,Zelig,Bergstram,zbergstramol@fda.gov,Male,46.169.250.11
887,Estell,McBryde,emcbrydeom@epa.gov,Female,122.90.1.135
888,Corrie,Ledster,cledsteron@cbsnews.com,Male,34.36.136.67
889,Kristo,Taggerty,ktaggertyoo@about.com,Non-binary,48.131.153.244
890,Silvano,Tourry,stourryop@geocities.com,Male,17.2.81.244
891,Cleon,Pech,cpechoq@free.fr,Male,35.193.236.39
892,Geralda,Stanistreet,gstanistreetor@washingtonpost.com,Female,58.239.59.228
893,Daveta,Sturdy,dsturdyos@nsw.gov.au,Agender,84.131.124.201
894,Gwendolin,Pautard,gpautardot@surveymonkey.com,Female,83.222.206.192
895,Anna,Scarlet,ascarletou@msn.com,Female,212.149.126.252
896,Boy,Samme,bsammeov@kickstarter.com,Male,243.214.29.60
897,Corinne,Spadeck,cspadeckow@squidoo.com,Female,67.176.73.106
898,Brande,Huegett,bhuegettox@g.co,Female,108.136.13.105
899,Nigel,Darnody,ndarnodyoy@seattletimes.com,Male,101.157.151.157
900,Merry,Fairtlough,mfairtloughoz@nifty.com,Male,155.104.163.171
901,Jocelyn,Karlsen,jkarlsenp0@tinyurl.com,Female,207.170.241.223
902,Marietta,Molloy,mmolloyp1@cloudflare.com,Female,201.228.47.255
903,Babita,Twigley,btwigleyp2@theglobeandmail.com,Female,137.95.196.246
904,Margarette,Boynes,mboynesp3@tinypic.com,Female,236.184.75.24
905,Lela,Gaitone,lgaitonep4@delicious.com,Female,204.66.74.156
906,Gerard,Westell,gwestellp5@sun.com,Male,46.73.96.205
907,Matty,Feare,mfearep6@indiatimes.com,Non-binary,203.123.105.162
908,Cristi,Collocott,ccollocottp7@epa.gov,Female,125.20.190.140
909,Basile,Wytchard,bwytchardp8@buzzfeed.com,Male,182.16.72.119
910,Gaby,Kingsbury,gkingsburyp9@wordpress.com,Male,139.30.21.114
911,Stacey,Smales,ssmalespa@spiegel.de,Female,66.63.245.68
912,Hank,Birkmyr,hbirkmyrpb@cdc.gov,Male,28.214.81.149
913,Kai,Courteney,kcourteneypc@usda.gov,Female,73.201.129.205
914,Edvard,Ewbanke,eewbankepd@whitehouse.gov,Male,65.105.219.8
915,Erin,Gurry,egurrype@diigo.com,Male,139.226.162.189
916,Caye,Isaksen,cisaksenpf@deliciousdays.com,Female,162.149.168.100
917,Tiffie,Amphlett,tamphlettpg@eventbrite.com,Genderfluid,42.18.182.226
918,Lilia,Knatt,lknattph@php.net,Female,157.140.28.202
919,Roz,Boyfield,rboyfieldpi@theguardian.com,Female,7.250.119.1
920,Nevin,Browell,nbrowellpj@tripod.com,Male,133.230.4.184
921,Skip,Cudbird,scudbirdpk@npr.org,Male,235.170.171.159
922,Menard,Mapes,mmapespl@cnet.com,Male,43.255.254.3
923,Royce,Syncke,rsynckepm@house.gov,Male,94.132.195.193
924,Titus,Tolussi,ttolussipn@bbb.org,Male,172.43.55.82
925,Concettina,McMains,cmcmainspo@spotify.com,Female,38.140.173.219
926,Reese,Thormann,rthormannpp@discuz.net,Male,13.49.5.142
927,Rodi,Karpfen,rkarpfenpq@yahoo.com,Female,72.100.106.232
928,Luce,Gumme,lgummepr@angelfire.com,Female,140.225.40.183
929,Gibb,Aimson,gaimsonps@house.gov,Male,29.178.27.183
930,Elka,Grady,egradypt@miibeian.gov.cn,Female,65.9.73.57
931,Adrian,de Aguirre,adeaguirrepu@seesaa.net,Female,36.92.33.253
932,Che,Aird,cairdpv@google.com.br,Male,243.163.80.191
933,Perl,Burbudge,pburbudgepw@sogou.com,Female,198.132.148.53
934,Dukey,Tankin,dtankinpx@github.com,Male,220.103.175.185
935,Leshia,Basler,lbaslerpy@vinaora.com,Female,61.31.249.89
936,Harris,Reitenbach,hreitenbachpz@chicagotribune.com,Male,232.13.46.98
937,Stanislaw,Ackery,sackeryq0@upenn.edu,Male,243.169.163.147
938,Humbert,McOnie,hmconieq1@imdb.com,Male,97.33.9.183
939,Birgitta,Stancer,bstancerq2@msu.edu,Female,211.32.156.41
940,Boote,Henken,bhenkenq3@bizjournals.com,Male,23.51.200.46
941,Pauletta,Polley,ppolleyq4@wufoo.com,Female,187.51.48.121
942,Thayne,Grimsditch,tgrimsditchq5@ask.com,Male,230.214.75.20
943,Irma,Plenderleith,iplenderleithq6@fotki.com,Genderfluid,48.60.177.95
944,Horst,Newiss,hnewissq7@moonfruit.com,Male,213.148.15.160
945,Wanda,Coughlan,wcoughlanq8@time.com,Female,5.8.157.253
946,Kilian,Noon,knoonq9@51.la,Male,174.205.0.106
947,Aigneis,Nolte,anolteqa@csmonitor.com,Female,99.173.28.243
948,Kory,Fendley,kfendleyqb@delicious.com,Male,8.28.219.69
949,Rooney,Maskew,rmaskewqc@artisteer.com,Male,248.112.143.245
950,Nadine,Henstone,nhenstoneqd@domainmarket.com,Genderqueer,185.19.131.157
951,Yasmin,Winchurst,ywinchurstqe@macromedia.com,Female,150.83.121.94
952,Eileen,Cranidge,ecranidgeqf@shareasale.com,Polygender,191.196.191.36
953,Mufi,Northey,mnortheyqg@businessweek.com,Female,61.59.213.32
954,Renado,MacNair,rmacnairqh@dailymotion.com,Male,143.145.51.78
955,Kipp,Jahncke,kjahnckeqi@hibu.com,Female,130.81.185.155
956,Huberto,Prator,hpratorqj@foxnews.com,Bigender,164.130.167.110
957,Yankee,Chape,ychapeqk@spotify.com,Male,211.71.14.147
958,Oliver,Olsen,oolsenql@blog.com,Male,142.128.14.51
959,Marlo,Beretta,mberettaqm@un.org,Male,255.66.185.126
960,Elmer,Campo,ecampoqn@wikia.com,Male,131.18.71.213
961,Rolland,Caveill,rcaveillqo@jimdo.com,Male,78.247.64.187
962,Bartie,Trendle,btrendleqp@goodreads.com,Genderfluid,5.124.70.20
963,Brod,Spadaro,bspadaroqq@rambler.ru,Male,6.235.6.185
964,Tam,McLinden,tmclindenqr@phoca.cz,Male,232.219.134.39
965,Florri,Mattek,fmattekqs@tinypic.com,Female,2.115.8.244
966,Sadye,Pendle,spendleqt@dell.com,Female,1.6.118.92
967,Cathrine,Mellhuish,cmellhuishqu@cloudflare.com,Female,205.236.136.237
968,Ade,Farnin,afarninqv@tiny.cc,Male,111.254.224.51
969,Clotilda,Muir,cmuirqw@blogs.com,Female,168.4.92.202
970,Eliot,Meineck,emeineckqx@joomla.org,Male,30.194.46.116
971,Julia,Backen,jbackenqy@vimeo.com,Female,106.206.82.178
972,Christoper,Vautre,cvautreqz@feedburner.com,Male,97.38.28.62
973,Vivia,Rosling,vroslingr0@utexas.edu,Female,33.53.142.88
974,Bone,Plaid,bplaidr1@zdnet.com,Male,70.10.254.223
975,Octavius,Christensen,ochristensenr2@unicef.org,Male,96.215.244.80
976,Avril,Delve,adelver3@dot.gov,Female,133.250.170.0
977,Joline,Betonia,jbetoniar4@163.com,Female,241.200.52.30
978,Egan,Shingfield,eshingfieldr5@wordpress.com,Male,225.103.86.159
979,Cyndie,Faulks,cfaulksr6@seesaa.net,Female,120.44.33.61
980,Cathrin,Logie,clogier7@jiathis.com,Polygender,45.246.143.112
981,Pearce,Penn,ppennr8@wix.com,Male,65.248.13.220
982,Mata,Waple,mwapler9@123-reg.co.uk,Male,40.42.76.207
983,Birch,Pollicott,bpollicottra@amazon.de,Male,102.1.242.215
984,Kally,Inwood,kinwoodrb@cdbaby.com,Female,229.168.166.80
985,Kariotta,Bass,kbassrc@columbia.edu,Female,172.245.112.125
986,Warden,Kuhnwald,wkuhnwaldrd@dropbox.com,Male,193.162.30.65
987,Felecia,Louw,flouwre@istockphoto.com,Female,28.212.253.22
988,Flory,McGilmartin,fmcgilmartinrf@google.co.jp,Male,217.33.101.71
989,Jannelle,Devall,jdevallrg@woothemes.com,Female,19.133.62.132
990,Jerrilyn,Rickis,jrickisrh@google.nl,Female,104.123.169.132
991,Ardella,Lattimore,alattimoreri@theatlantic.com,Female,81.183.89.63
992,Flossie,Muir,fmuirrj@cbsnews.com,Female,117.5.60.79
993,Shalna,Tarrant,starrantrk@latimes.com,Female,190.240.16.19
994,Avery,Plunket,aplunketrl@kickstarter.com,Male,217.59.211.225
995,Reagen,Kinnerk,rkinnerkrm@prweb.com,Male,39.174.20.113
996,Haslett,Van de Castele,hvandecastelern@shop-pro.jp,Male,10.197.157.214
997,Rozamond,Duffree,rduffreero@kickstarter.com,Bigender,17.97.222.218
998,Isador,Bellsham,ibellshamrp@howstuffworks.com,Bigender,19.51.162.49
999,Bradan,Golsby,bgolsbyrq@jalbum.net,Male,188.248.76.230
1000,Jorey,Oxshott,joxshottrr@bandcamp.com,Female,235.105.117.52
